,num_candidates,num_voters,prob_model,voting_method,condorcet_efficiency,error,num_samples,percent_condorcet_winner,percent_condorcet_winner_error
0,3,10,Impartial Culture,Plurality,0.8789919199692189,0.017923210012810165,8967,0.5745350223133853,0.002282974439578034
1,3,10,Impartial Culture,Borda,0.9838399384378607,0.007058830260665894,8967,0.5745350223133853,0.002282974439578034
2,3,10,Impartial Culture,Instant Runoff,0.9724894190073105,0.009092539442513425,8967,0.5745350223133853,0.002282974439578034
3,3,10,Impartial Culture,Coombs,1.0,0.0007094210881086749,8967,0.5745350223133853,0.002282974439578034
4,3,10,Impartial Culture,Bucklin,0.842439399769142,0.019998415463211905,8967,0.5745350223133853,0.002282974439578034
5,3,100,Impartial Culture,Plurality,0.7826788596019365,0.018879983480973084,9257,0.5774325838776021,0.0022664175920696916
6,3,100,Impartial Culture,Borda,0.9296664873587951,0.011759333859869825,9257,0.5774325838776021,0.0022664175920696916
7,3,100,Impartial Culture,Instant Runoff,0.9634211941904249,0.008671155186584456,9257,0.5774325838776021,0.0022664175920696916
8,3,100,Impartial Culture,Coombs,0.9663797740720818,0.008331627513658235,9257,0.5774325838776021,0.0022664175920696916
9,3,100,Impartial Culture,Bucklin,0.7428725121032813,0.019999073601258188,9257,0.5774325838776021,0.0022664175920696916
10,3,1000,Impartial Culture,Plurality,0.7699479023855224,0.01945151508686882,8345,0.5807815007129888,0.0022511329168420913
11,3,1000,Impartial Culture,Borda,0.9110227584315876,0.013205002649340103,8345,0.5807815007129888,0.0022511329168420913
12,3,1000,Impartial Culture,Instant Runoff,0.9664107485604606,0.008410042503806947,8345,0.5807815007129888,0.0022511329168420913
13,3,1000,Impartial Culture,Coombs,0.9629832739237729,0.008805938700055638,8345,0.5807815007129888,0.0022511329168420913
14,3,1000,Impartial Culture,Bucklin,0.7503427474636688,0.019999731931543807,8345,0.5807815007129888,0.0022511329168420913
15,4,10,Impartial Culture,Plurality,0.7580848383032339,0.019999469841264217,15207,0.5785425578876621,0.0022299442834634586
16,4,10,Impartial Culture,Borda,0.9651406971860563,0.008650779297330713,15207,0.5785425578876621,0.0022299442834634586
17,4,10,Impartial Culture,Instant Runoff,0.9410611787764245,0.011064706633064136,15207,0.5785425578876621,0.0022299442834634586
18,4,10,Impartial Culture,Coombs,0.9799804003919922,0.006642184031291909,15207,0.5785425578876621,0.0022299442834634586
19,4,10,Impartial Culture,Bucklin,0.7930841383172337,0.018926244604576703,15207,0.5785425578876621,0.0022299442834634586
20,4,100,Impartial Culture,Plurality,0.6610383643464277,0.019998686691985568,12606,0.5803847683371254,0.0022102040539759837
21,4,100,Impartial Culture,Borda,0.9077647599356765,0.012271302727608235,12606,0.5803847683371254,0.0022102040539759837
22,4,100,Impartial Culture,Instant Runoff,0.9290144727773949,0.010904164402824934,12606,0.5803847683371254,0.0022102040539759837
23,4,100,Impartial Culture,Coombs,0.9402710774178727,0.010072064606867936,12606,0.5803847683371254,0.0022102040539759837
24,4,100,Impartial Culture,Bucklin,0.7539627842866988,0.01820717551691664,12606,0.5803847683371254,0.0022102040539759837
25,4,1000,Impartial Culture,Plurality,0.6464293759855824,0.01999931015901879,11367,0.5833151317835035,0.00219183523410571
26,4,1000,Impartial Culture,Borda,0.8767740482090561,0.013786675995579367,11367,0.5833151317835035,0.00219183523410571
27,4,1000,Impartial Culture,Instant Runoff,0.9284748817301194,0.010834295534956517,11367,0.5833151317835035,0.00219183523410571
28,4,1000,Impartial Culture,Coombs,0.9330930389727417,0.01050832635866994,11367,0.5833151317835035,0.00219183523410571
29,4,1000,Impartial Culture,Bucklin,0.7416084703762108,0.018322077592021313,11367,0.5833151317835035,0.00219183523410571
30,5,10,Impartial Culture,Plurality,0.6955782312925171,0.01999970422116837,20968,0.5783120019016877,0.002166470812398069
31,5,10,Impartial Culture,Borda,0.9588192419825073,0.008708791540368521,20968,0.5783120019016877,0.002166470812398069
32,5,10,Impartial Culture,Instant Runoff,0.9257774538386784,0.011447343701361246,20968,0.5783120019016877,0.002166470812398069
33,5,10,Impartial Culture,Coombs,0.9637998056365403,0.008194181932587696,20968,0.5783120019016877,0.002166470812398069
34,5,10,Impartial Culture,Bucklin,0.8350340136054422,0.01615531835895767,20968,0.5783120019016877,0.002166470812398069
35,5,100,Impartial Culture,Plurality,0.5895879910571702,0.019999659464711828,15153,0.57908533807768,0.0021456753081130486
36,5,100,Impartial Culture,Borda,0.8916214202065368,0.01267915843385714,15153,0.57908533807768,0.0021456753081130486
37,5,100,Impartial Culture,Instant Runoff,0.9029064196742255,0.012081887808708447,15153,0.57908533807768,0.0021456753081130486
38,5,100,Impartial Culture,Coombs,0.9065261364846162,0.011880150332939987,15153,0.57908533807768,0.0021456753081130486
39,5,100,Impartial Culture,Bucklin,0.6928563824124347,0.018762387953643156,15153,0.57908533807768,0.0021456753081130486
40,5,1000,Impartial Culture,Plurality,0.5705573080967403,0.01999972919126014,13497,0.5811314829577022,0.002126673460162154
41,5,1000,Impartial Culture,Borda,0.8675078864353313,0.01373208441344187,13497,0.5811314829577022,0.002126673460162154
42,5,1000,Impartial Culture,Instant Runoff,0.9012618296529968,0.012096087128139477,13497,0.5811314829577022,0.002126673460162154
43,5,1000,Impartial Culture,Coombs,0.9,0.012163987000567644,13497,0.5811314829577022,0.002126673460162154
44,5,1000,Impartial Culture,Bucklin,0.6966351209253417,0.018581773810218083,13497,0.5811314829577022,0.002126673460162154
45,6,10,Impartial Culture,Plurality,0.635504668741663,0.019999658819683463,26783,0.5734466019985422,0.002098167782250804
46,6,10,Impartial Culture,Borda,0.9555357936860827,0.008631851339641394,26783,0.5734466019985422,0.002098167782250804
47,6,10,Impartial Culture,Instant Runoff,0.899955535793686,0.012512151463830223,26783,0.5734466019985422,0.002098167782250804
48,6,10,Impartial Culture,Coombs,0.9459759893285905,0.00945550029392661,26783,0.5734466019985422,0.002098167782250804
49,6,10,Impartial Culture,Bucklin,0.8219208537127612,0.015921371412561447,26783,0.5734466019985422,0.002098167782250804
50,6,100,Impartial Culture,Plurality,0.5121699669966997,0.019999248236473033,17898,0.5727962082049366,0.002076930531006771
51,6,100,Impartial Culture,Borda,0.8889232673267327,0.012611908305512065,17898,0.5727962082049366,0.002076930531006771
52,6,100,Impartial Culture,Instant Runoff,0.8751031353135313,0.013263543467247674,17898,0.5727962082049366,0.002076930531006771
53,6,100,Impartial Culture,Coombs,0.8896452145214522,0.01257626543563628,17898,0.5727962082049366,0.002076930531006771
54,6,100,Impartial Culture,Bucklin,0.6951320132013201,0.018427191720617908,17898,0.5727962082049366,0.002076930531006771
55,6,1000,Impartial Culture,Plurality,0.5054639175257732,0.019999810251653816,15142,0.5739527328802845,0.0020584184233840563
56,6,1000,Impartial Culture,Borda,0.8685567010309279,0.01355054208794959,15142,0.5739527328802845,0.0020584184233840563
57,6,1000,Impartial Culture,Instant Runoff,0.8743298969072165,0.013295611431552445,15142,0.5739527328802845,0.0020584184233840563
58,6,1000,Impartial Culture,Coombs,0.8761855670103093,0.013211761639472241,15142,0.5739527328802845,0.0020584184233840563
59,6,1000,Impartial Culture,Bucklin,0.6908247422680412,0.018495076098196783,15142,0.5739527328802845,0.0020584184233840563
60,7,10,Impartial Culture,Plurality,0.5917039880571551,0.01999994328799415,32054,0.5641469988051971,0.0020278034948713053
61,7,10,Impartial Culture,Borda,0.9554275965024526,0.008461574521395954,32054,0.5641469988051971,0.0020278034948713053
62,7,10,Impartial Culture,Instant Runoff,0.8800383877159309,0.013258241902794343,32054,0.5641469988051971,0.0020278034948713053
63,7,10,Impartial Culture,Coombs,0.9291959906163361,0.010489857416237536,32054,0.5641469988051971,0.0020278034948713053
64,7,10,Impartial Culture,Bucklin,0.8015568351460866,0.016249045388198602,32054,0.5641469988051971,0.0020278034948713053
65,7,100,Impartial Culture,Plurality,0.4631568038138667,0.01999981710080595,19540,0.5626838358579326,0.00200734748762299
66,7,100,Impartial Culture,Borda,0.8837185200538916,0.012895550841242165,19540,0.5626838358579326,0.00200734748762299
67,7,100,Impartial Culture,Instant Runoff,0.8523163022074827,0.014260825102184072,19540,0.5626838358579326,0.00200734748762299
68,7,100,Impartial Culture,Coombs,0.8630946212042698,0.013820460222329856,19540,0.5626838358579326,0.00200734748762299
69,7,100,Impartial Culture,Bucklin,0.7072235464815007,0.018260224043948003,19540,0.5626838358579326,0.00200734748762299
70,7,1000,Impartial Culture,Plurality,0.4513007284079084,0.019999862600886875,16708,0.5629021039364478,0.001989610192908442
71,7,1000,Impartial Culture,Borda,0.8530697190426639,0.014259969054498334,16708,0.5629021039364478,0.001989610192908442
72,7,1000,Impartial Culture,Instant Runoff,0.8535900104058273,0.014239197372438173,16708,0.5629021039364478,0.001989610192908442
73,7,1000,Impartial Culture,Coombs,0.8582726326742977,0.014049464071424267,16708,0.5629021039364478,0.001989610192908442
74,7,1000,Impartial Culture,Bucklin,0.6593132154006244,0.019053124993591464,16708,0.5629021039364478,0.001989610192908442
75,8,10,Impartial Culture,Plurality,0.5429342747378257,0.019999123042941713,36932,0.551665312181205,0.0019573392421291524
76,8,10,Impartial Culture,Borda,0.9518222406811339,0.008658785414007109,36932,0.551665312181205,0.0019573392421291524
77,8,10,Impartial Culture,Instant Runoff,0.8544284082649777,0.014189989617209409,36932,0.551665312181205,0.0019573392421291524
78,8,10,Impartial Culture,Coombs,0.9150659329249299,0.01123955925390363,36932,0.551665312181205,0.0019573392421291524
79,8,10,Impartial Culture,Bucklin,0.804485515522791,0.015943744412600935,36932,0.551665312181205,0.0019573392421291524
80,8,100,Impartial Culture,Plurality,0.41550864538029064,0.01999974416992628,21153,0.5494542227481142,0.0019376831040649467
81,8,100,Impartial Culture,Borda,0.8838442770764825,0.013041648104964665,21153,0.5494542227481142,0.0019376831040649467
82,8,100,Impartial Culture,Instant Runoff,0.8347300307627029,0.015100471740626342,21153,0.5494542227481142,0.0019376831040649467
83,8,100,Impartial Culture,Coombs,0.8465047204837169,0.01465813671993177,21153,0.5494542227481142,0.0019376831040649467
84,8,100,Impartial Culture,Bucklin,0.6674445740956826,0.019124664471933284,21153,0.5494542227481142,0.0019376831040649467
85,8,1000,Impartial Culture,Plurality,0.41013628620102216,0.019998695740053363,17337,0.5493244219267911,0.001921371545089201
86,8,1000,Impartial Culture,Borda,0.855515332197615,0.014326406166844774,17337,0.5493244219267911,0.001921371545089201
87,8,1000,Impartial Culture,Instant Runoff,0.83603066439523,0.01508121268744389,17337,0.5493244219267911,0.001921371545089201
88,8,1000,Impartial Culture,Coombs,0.8363500851788757,0.015069480350452746,17337,0.5493244219267911,0.001921371545089201
89,8,1000,Impartial Culture,Bucklin,0.676320272572402,0.019029061817532944,17337,0.5493244219267911,0.001921371545089201
90,9,10,Impartial Culture,Plurality,0.5084029281369213,0.01999922440074875,41321,0.5372070305217709,0.0018879708732820744
91,9,10,Impartial Culture,Borda,0.9508196721311475,0.008711651242711671,41321,0.5372070305217709,0.0018879708732820744
92,9,10,Impartial Culture,Instant Runoff,0.8253428188473039,0.015214036231855799,41321,0.5372070305217709,0.0018879708732820744
93,9,10,Impartial Culture,Coombs,0.9052479637075987,0.011760268499110715,41321,0.5372070305217709,0.0018879708732820744
94,9,10,Impartial Culture,Bucklin,0.8097742035261367,0.015723581848616885,41321,0.5372070305217709,0.0018879708732820744
95,9,100,Impartial Culture,Plurality,0.3934160820291419,0.01999958508870958,22292,0.5347319879463063,0.0018693154782648547
96,9,100,Impartial Culture,Borda,0.8854830005396654,0.01307575915546022,22292,0.5347319879463063,0.0018693154782648547
97,9,100,Impartial Culture,Instant Runoff,0.8215866162978953,0.01569841553899809,22292,0.5347319879463063,0.0018693154782648547
98,9,100,Impartial Culture,Coombs,0.834430652995143,0.015243803127720001,22292,0.5347319879463063,0.0018693154782648547
99,9,100,Impartial Culture,Bucklin,0.6890447922288181,0.018956380487481272,22292,0.5347319879463063,0.0018693154782648547
100,9,1000,Impartial Culture,Plurality,0.3764809126810004,0.01999883121899826,18363,0.5341003697473558,0.0018539916404202161
101,9,1000,Impartial Culture,Borda,0.854870557261957,0.014569971943838023,18363,0.5341003697473558,0.0018539916404202161
102,9,1000,Impartial Culture,Instant Runoff,0.8121983326020185,0.01614280999023754,18363,0.5341003697473558,0.0018539916404202161
103,9,1000,Impartial Culture,Coombs,0.8180122860903906,0.01594911675707622,18363,0.5341003697473558,0.0018539916404202161
104,9,1000,Impartial Culture,Bucklin,0.6430451952610794,0.019777127483522117,18363,0.5341003697473558,0.0018539916404202161
105,10,10,Impartial Culture,Plurality,0.4679155454357276,0.019999400236832443,45558,0.5214426658360807,0.0018197352712635562
106,10,10,Impartial Culture,Borda,0.9491823638998137,0.008863267376803208,45558,0.5214426658360807,0.0018197352712635562
107,10,10,Impartial Culture,Instant Runoff,0.7972469468019043,0.016135413350198857,45558,0.5214426658360807,0.0018197352712635562
108,10,10,Impartial Culture,Coombs,0.8974332436348582,0.01220233144863514,45558,0.5214426658360807,0.0018197352712635562
109,10,10,Impartial Culture,Bucklin,0.8098737321465536,0.015750719152606174,45558,0.5214426658360807,0.0018197352712635562
110,10,100,Impartial Culture,Plurality,0.3620555122059971,0.01999895662462009,23344,0.5187349084250633,0.001802065832648636
111,10,100,Impartial Culture,Borda,0.8858544197971241,0.013271439023325615,23344,0.5187349084250633,0.001802065832648636
112,10,100,Impartial Culture,Instant Runoff,0.7951176011592911,0.016814026193919585,23344,0.5187349084250633,0.001802065832648636
113,10,100,Impartial Culture,Coombs,0.8152937242224947,0.016170404015709572,23344,0.5187349084250633,0.001802065832648636
114,10,100,Impartial Culture,Bucklin,0.6752870360049047,0.01948892279397263,23344,0.5187349084250633,0.001802065832648636
115,10,1000,Impartial Culture,Plurality,0.34666969765855876,0.019999926740448704,18779,0.5179495547577976,0.0017880199112221273
116,10,1000,Impartial Culture,Borda,0.8539440781995908,0.014871805922588077,18779,0.5179495547577976,0.0017880199112221273
117,10,1000,Impartial Culture,Instant Runoff,0.7971129802227779,0.01691833080961458,18779,0.5179495547577976,0.0017880199112221273
118,10,1000,Impartial Culture,Coombs,0.8008638326892475,0.016801419802951134,18779,0.5179495547577976,0.0017880199112221273
119,10,1000,Impartial Culture,Bucklin,0.6582177767674472,0.019932977467249535,18779,0.5179495547577976,0.0017880199112221273
120,3,10,Mallows,Plurality,0.8729323308270677,0.018085587008007664,9143,0.5184324048758683,0.0017811876324413944
121,3,10,Mallows,Borda,0.981390977443609,0.007460256622559003,9143,0.5184324048758683,0.0017811876324413944
122,3,10,Mallows,Instant Runoff,0.968609022556391,0.009565264036783927,9143,0.5184324048758683,0.0017811876324413944
123,3,10,Mallows,Coombs,1.0,0.0006931580484820232,9143,0.5184324048758683,0.0017811876324413944
124,3,10,Mallows,Bucklin,0.8377819548872181,0.019997801082056954,9143,0.5184324048758683,0.0017811876324413944
125,3,100,Mallows,Plurality,0.7860749402072814,0.01865990970825815,9414,0.5206013604973678,0.001773996564162661
126,3,100,Mallows,Borda,0.9303747010364071,0.011634087936625348,9414,0.5206013604973678,0.001773996564162661
127,3,100,Mallows,Instant Runoff,0.9658517140579325,0.008342233267290555,9414,0.5206013604973678,0.001773996564162661
128,3,100,Mallows,Coombs,0.9669146957214988,0.008218059132692468,9414,0.5206013604973678,0.001773996564162661
129,3,100,Mallows,Bucklin,0.7379750199309062,0.019999683943333624,9414,0.5206013604973678,0.001773996564162661
130,3,1000,Mallows,Plurality,0.769666022633177,0.019524589749368437,8320,0.522974769975432,0.001767607869764154
131,3,1000,Mallows,Borda,0.9109853712393045,0.013251607509431995,8320,0.522974769975432,0.001767607869764154
132,3,1000,Mallows,Instant Runoff,0.9663262489649461,0.008448386697659016,8320,0.522974769975432,0.001767607869764154
133,3,1000,Mallows,Coombs,0.9592878829699144,0.009241331552977461,8320,0.522974769975432,0.001767607869764154
134,3,1000,Mallows,Bucklin,0.75282914711565,0.019999659519515323,8320,0.522974769975432,0.001767607869764154
135,4,10,Mallows,Plurality,0.7571568216729507,0.01999998352170196,15271,0.5223109293713786,0.0017568196485815424
136,4,10,Mallows,Borda,0.967322999581064,0.008379004000293455,15271,0.5223109293713786,0.0017568196485815424
137,4,10,Mallows,Instant Runoff,0.9416282642089093,0.011001305900289582,15271,0.5223109293713786,0.0017568196485815424
138,4,10,Mallows,Coombs,0.980310012568077,0.006581162796899465,15271,0.5223109293713786,0.0017568196485815424
139,4,10,Mallows,Bucklin,0.8001675743611227,0.01866054808953599,15271,0.5223109293713786,0.0017568196485815424
140,4,100,Mallows,Plurality,0.670627985552837,0.019999648089199518,12446,0.5239691719132494,0.0017478190808514205
141,4,100,Mallows,Borda,0.9071420249330071,0.012396774758997697,12446,0.5239691719132494,0.0017478190808514205
142,4,100,Mallows,Instant Runoff,0.9257835255738087,0.011207931966164986,12446,0.5239691719132494,0.0017478190808514205
143,4,100,Mallows,Coombs,0.9359198415472445,0.01047939647205598,12446,0.5239691719132494,0.0017478190808514205
144,4,100,Mallows,Bucklin,0.7470581381801235,0.018507051122308327,12446,0.5239691719132494,0.0017478190808514205
145,4,1000,Mallows,Plurality,0.6523269012485812,0.01999967588919216,11291,0.526253148112632,0.0017396104070646068
146,4,1000,Mallows,Borda,0.8847900113507378,0.013446906699393524,11291,0.526253148112632,0.0017396104070646068
147,4,1000,Mallows,Instant Runoff,0.9311010215664018,0.010692063167894283,11291,0.526253148112632,0.0017396104070646068
148,4,1000,Mallows,Coombs,0.9287173666288309,0.010859620436707962,11291,0.526253148112632,0.0017396104070646068
149,4,1000,Mallows,Bucklin,0.7461975028376845,0.01828600648973011,11291,0.526253148112632,0.0017396104070646068
150,5,10,Mallows,Plurality,0.6794659735349716,0.019999829473131947,21313,0.5241170434558525,0.0017255268242588606
151,5,10,Mallows,Borda,0.9614839319470699,0.008319951414475724,21313,0.5241170434558525,0.0017255268242588606
152,5,10,Mallows,Instant Runoff,0.9201323251417769,0.011669085651455968,21313,0.5241170434558525,0.0017255268242588606
153,5,10,Mallows,Coombs,0.9695179584120983,0.0074459526145903565,21313,0.5241170434558525,0.0017255268242588606
154,5,10,Mallows,Bucklin,0.8350661625708885,0.015929517808530913,21313,0.5241170434558525,0.0017255268242588606
155,5,100,Mallows,Plurality,0.5927230046948356,0.019998636358051658,15278,0.5251637747196268,0.0017152038891748989
156,5,100,Mallows,Borda,0.8961801109688433,0.01245745152849187,15278,0.5251637747196268,0.0017152038891748989
157,5,100,Mallows,Instant Runoff,0.9051429790866411,0.011971365500418552,15278,0.5251637747196268,0.0017152038891748989
158,5,100,Mallows,Coombs,0.9068501920614597,0.011875233502630422,15278,0.5251637747196268,0.0017152038891748989
159,5,100,Mallows,Bucklin,0.6922748612889458,0.018793334906398673,15278,0.5251637747196268,0.0017152038891748989
160,5,1000,Mallows,Plurality,0.5655411073825504,0.01999996455000186,13574,0.5269914682271556,0.0017060132614659107
161,5,1000,Mallows,Borda,0.8694421140939598,0.013628588121919583,13574,0.5269914682271556,0.0017060132614659107
162,5,1000,Mallows,Instant Runoff,0.8978607382550335,0.012260862127283612,13574,0.5269914682271556,0.0017060132614659107
163,5,1000,Mallows,Coombs,0.9000629194630873,0.01214388311241954,13574,0.5269914682271556,0.0017060132614659107
164,5,1000,Mallows,Bucklin,0.6885486577181208,0.018691742589333704,13574,0.5269914682271556,0.0017060132614659107
165,6,10,Mallows,Plurality,0.643947900291938,0.019998947320867155,26091,0.5233855808707758,0.0016899716916523033
166,6,10,Mallows,Borda,0.9571075679317315,0.00853025705184629,26091,0.5233855808707758,0.0016899716916523033
167,6,10,Mallows,Instant Runoff,0.8983831125084213,0.01266232640758258,26091,0.5233855808707758,0.0016899716916523033
168,6,10,Mallows,Coombs,0.9429598023804177,0.009746770496662394,26091,0.5233855808707758,0.0016899716916523033
169,6,10,Mallows,Bucklin,0.831349651920054,0.015664309393524145,26091,0.5233855808707758,0.0016899716916523033
170,6,100,Mallows,Plurality,0.5191493754516362,0.01999987395335734,17684,0.5237025971936172,0.0016789012984089746
171,6,100,Mallows,Borda,0.8882006813254878,0.012653336873540533,17684,0.5237025971936172,0.0016789012984089746
172,6,100,Mallows,Instant Runoff,0.8750903272426964,0.013270329446289475,17684,0.5237025971936172,0.0016789012984089746
173,6,100,Mallows,Coombs,0.8865489831733251,0.012733915863667566,17684,0.5237025971936172,0.0016789012984089746
174,6,100,Mallows,Bucklin,0.6943326107153918,0.018449255093417882,17684,0.5237025971936172,0.0016789012984089746
175,6,1000,Mallows,Plurality,0.49850530873105864,0.019999873365757037,15201,0.5249671188879281,0.0016693931610733959
176,6,1000,Mallows,Borda,0.8601175136583857,0.013907133357490276,15201,0.5249671188879281,0.0016693931610733959
177,6,1000,Mallows,Instant Runoff,0.8733120296876611,0.013340511124106058,15201,0.5249671188879281,0.0016693931610733959
178,6,1000,Mallows,Coombs,0.8777445624162458,0.013139894644310313,15201,0.5249671188879281,0.0016693931610733959
179,6,1000,Mallows,Bucklin,0.6872487372435832,0.01855222427294223,15201,0.5249671188879281,0.0016693931610733959
180,7,10,Mallows,Plurality,0.5964255136986302,0.019999815975364155,31327,0.5199215344686348,0.0016514516778424193
181,7,10,Mallows,Borda,0.9526969178082192,0.008717214841884258,31327,0.5199215344686348,0.0016514516778424193
182,7,10,Mallows,Instant Runoff,0.8782106164383562,0.013368706020740362,31327,0.5199215344686348,0.0016514516778424193
183,7,10,Mallows,Coombs,0.9263698630136986,0.01069844667578257,31327,0.5199215344686348,0.0016514516778424193
184,7,10,Mallows,Bucklin,0.8025470890410958,0.01624833802382164,31327,0.5199215344686348,0.0016514516778424193
185,7,100,Mallows,Plurality,0.4648850217526414,0.01999958475042596,19601,0.5195452589801121,0.001640115155767008
186,7,100,Mallows,Borda,0.8807748083695878,0.013031416273847407,19601,0.5195452589801121,0.001640115155767008
187,7,100,Mallows,Instant Runoff,0.8430702299564947,0.014613990440862867,19601,0.5195452589801121,0.001640115155767008
188,7,100,Mallows,Coombs,0.864615703335405,0.013752490636580794,19601,0.5195452589801121,0.001640115155767008
189,7,100,Mallows,Bucklin,0.7161798218355085,0.018088508869503528,19601,0.5195452589801121,0.001640115155767008
190,7,1000,Mallows,Plurality,0.4531558698138713,0.019999662182483335,16507,0.5202662778253054,0.001630613488085575
191,7,1000,Mallows,Borda,0.8544244566912759,0.014200547475240244,16507,0.5202662778253054,0.001630613488085575
192,7,1000,Mallows,Instant Runoff,0.8481855048351877,0.01444672848067019,16507,0.5202662778253054,0.001630613488085575
193,7,1000,Mallows,Coombs,0.855984194655298,0.014137635335751964,16507,0.5202662778253054,0.001630613488085575
194,7,1000,Mallows,Bucklin,0.6576895081626287,0.0190678409020687,16507,0.5202662778253054,0.001630613488085575
195,8,10,Mallows,Plurality,0.5428304433599834,0.01999947996182272,37126,0.513725990743761,0.0016107497433254236
196,8,10,Mallows,Borda,0.9504724327691828,0.008771566162379063,37126,0.513725990743761,0.0016107497433254236
197,8,10,Mallows,Instant Runoff,0.8492368393728584,0.014395297131513551,37126,0.513725990743761,0.0016107497433254236
198,8,10,Mallows,Coombs,0.9178693801266743,0.011071071261837817,37126,0.513725990743761,0.0016107497433254236
199,8,10,Mallows,Bucklin,0.8051085037898453,0.015924614351721544,37126,0.513725990743761,0.0016107497433254236
200,8,100,Mallows,Plurality,0.42867662528929096,0.01999954424771938,20909,0.5129032258064516,0.001599561747863798
201,8,100,Mallows,Borda,0.8862823479907427,0.01286860543926982,20909,0.5129032258064516,0.001599561747863798
202,8,100,Mallows,Instant Runoff,0.8246370713233747,0.015392993599554594,20909,0.5129032258064516,0.001599561747863798
203,8,100,Mallows,Coombs,0.8526193982747738,0.014356350016036412,20909,0.5129032258064516,0.001599561747863798
204,8,100,Mallows,Bucklin,0.671891436987166,0.01898013142122723,20909,0.5129032258064516,0.001599561747863798
205,8,1000,Mallows,Plurality,0.4042143544764146,0.019999519411373068,17412,0.5131786140303295,0.0015903412654865168
206,8,1000,Mallows,Borda,0.8534602631297465,0.014443285331045552,17412,0.5131786140303295,0.0015903412654865168
207,8,1000,Mallows,Instant Runoff,0.8300352978928227,0.015333083767230193,17412,0.5131786140303295,0.0015903412654865168
208,8,1000,Mallows,Coombs,0.8320676008129212,0.015260313989962082,17412,0.5131786140303295,0.0015903412654865168
209,8,1000,Mallows,Bucklin,0.6730131564873248,0.019122979698655174,17412,0.5131786140303295,0.0015903412654865168
210,9,10,Mallows,Plurality,0.5055670103092783,0.01999976499871292,41608,0.5057123268360821,0.0015694323705994773
211,9,10,Mallows,Borda,0.9470103092783505,0.009020225555688821,41608,0.5057123268360821,0.0015694323705994773
212,9,10,Mallows,Instant Runoff,0.8224742268041237,0.01531030822636592,41608,0.5057123268360821,0.0015694323705994773
213,9,10,Mallows,Coombs,0.9077319587628866,0.011621674195207099,41608,0.5057123268360821,0.0015694323705994773
214,9,10,Mallows,Bucklin,0.7963917525773195,0.016128681628726493,41608,0.5057123268360821,0.0015694323705994773
215,9,100,Mallows,Plurality,0.39525862068965517,0.019999538033406983,22658,0.5043364630478526,0.0015582007819601174
216,9,100,Mallows,Borda,0.8901939655172414,0.012829572378991294,22658,0.5043364630478526,0.0015582007819601174
217,9,100,Mallows,Instant Runoff,0.8081896551724138,0.016127585136438194,22658,0.5043364630478526,0.0015582007819601174
218,9,100,Mallows,Coombs,0.831573275862069,0.01533517062071943,22658,0.5043364630478526,0.0015582007819601174
219,9,100,Mallows,Bucklin,0.6990301724137931,0.018769915362358947,22658,0.5043364630478526,0.0015582007819601174
220,9,1000,Mallows,Plurality,0.36777408637873754,0.019999345095207677,17890,0.5043410974714091,0.0015494679571812497
221,9,1000,Mallows,Borda,0.8548172757475083,0.014641916352676088,17890,0.5043410974714091,0.0015494679571812497
222,9,1000,Mallows,Instant Runoff,0.8136212624584718,0.016172926531620724,17890,0.5043410974714091,0.0015494679571812497
223,9,1000,Mallows,Coombs,0.8205980066445183,0.015936906531619166,17890,0.5043410974714091,0.0015494679571812497
224,9,1000,Mallows,Bucklin,0.6395348837209303,0.019914225831371923,17890,0.5043410974714091,0.0015494679571812497
225,10,10,Mallows,Plurality,0.46352331606217617,0.019999850641745642,45655,0.4962191754869713,0.001527844854496474
226,10,10,Mallows,Borda,0.9489119170984456,0.008890868016785625,45655,0.4962191754869713,0.001527844854496474
227,10,10,Mallows,Instant Runoff,0.8016580310880829,0.01601390276530945,45655,0.4962191754869713,0.001527844854496474
228,10,10,Mallows,Coombs,0.898860103626943,0.012135056798305621,45655,0.4962191754869713,0.001527844854496474
229,10,10,Mallows,Bucklin,0.8030051813471503,0.015973104685966133,45655,0.4962191754869713,0.001527844854496474
230,10,100,Mallows,Plurality,0.3530207394048693,0.019999086380148634,23063,0.49467880612673854,0.0015172111054725934
231,10,100,Mallows,Borda,0.8797339945897205,0.013648931314795387,23063,0.49467880612673854,0.0015172111054725934
232,10,100,Mallows,Instant Runoff,0.7956492335437331,0.01689198784123236,23063,0.49467880612673854,0.0015172111054725934
233,10,100,Mallows,Coombs,0.8199954914337241,0.016100066044722694,23063,0.49467880612673854,0.0015172111054725934
234,10,100,Mallows,Bucklin,0.678990081154193,0.01953958535889455,23063,0.49467880612673854,0.0015172111054725934
235,10,1000,Mallows,Plurality,0.3419456301954617,0.019817830341836262,19025,0.4943772791513786,0.0015086283723478866
236,10,1000,Mallows,Borda,0.8511570433610425,0.014899126762037196,19025,0.4943772791513786,0.0015086283723478866
237,10,1000,Mallows,Instant Runoff,0.797685913277915,0.016800964849006172,19025,0.4943772791513786,0.0015086283723478866
238,10,1000,Mallows,Coombs,0.8089193439676478,0.01644491418776306,19025,0.4943772791513786,0.0015086283723478866
239,10,1000,Mallows,Bucklin,0.6442372500561672,0.019999847145540706,19025,0.4943772791513786,0.0015086283723478866
240,3,10,Plackett-Luce,Plurality,0.8758119984715322,0.018058953718795068,9013,0.4948355795529234,0.0015046323623619795
241,3,10,Plackett-Luce,Borda,0.9841421474971341,0.00697078002121132,9013,0.4948355795529234,0.0015046323623619795
242,3,10,Plackett-Luce,Instant Runoff,0.9721054642720672,0.009120286011393142,9013,0.4948355795529234,0.0015046323623619795
243,3,10,Plackett-Luce,Coombs,1.0,0.0007045433350438834,9013,0.4948355795529234,0.0015046323623619795
244,3,10,Plackett-Luce,Bucklin,0.8410393580435613,0.01999986372942697,9013,0.4948355795529234,0.0015046323623619795
245,3,100,Plackett-Luce,Plurality,0.7882133829985366,0.018603354974277675,9448,0.49649996603046015,0.0015005052722205647
246,3,100,Plackett-Luce,Borda,0.9233736863110283,0.012160014930629348,9448,0.49649996603046015,0.0015005052722205647
247,3,100,Plackett-Luce,Instant Runoff,0.9666090195556738,0.008259014102278028,9448,0.49649996603046015,0.0015005052722205647
248,3,100,Plackett-Luce,Coombs,0.9646135426366902,0.008489357810918419,9448,0.49649996603046015,0.0015005052722205647
249,3,100,Plackett-Luce,Bucklin,0.7384594918185446,0.019999863970748488,9448,0.49649996603046015,0.0015005052722205647
250,3,1000,Plackett-Luce,Plurality,0.7668978648170814,0.019461478338815952,8385,0.49835907161511533,0.0014968615189310808
251,3,1000,Plackett-Luce,Borda,0.9116007071943425,0.013113163319851462,8385,0.49835907161511533,0.0014968615189310808
252,3,1000,Plackett-Luce,Instant Runoff,0.965048279613763,0.008534966761278184,8385,0.49835907161511533,0.0014968615189310808
253,3,1000,Plackett-Luce,Coombs,0.9632802937576499,0.008736622856956755,8385,0.49835907161511533,0.0014968615189310808
254,3,1000,Plackett-Luce,Bucklin,0.7473140214878281,0.019998214802732783,8385,0.49835907161511533,0.0014968615189310808
255,4,10,Plackett-Luce,Plurality,0.7705370101596517,0.019999724936008656,14797,0.498079272203648,0.0014904430693503667
256,4,10,Plackett-Luce,Borda,0.9664731494920175,0.00864975571331339,14797,0.498079272203648,0.0014904430693503667
257,4,10,Plackett-Luce,Instant Runoff,0.9452830188679245,0.010887219298934103,14797,0.498079272203648,0.0014904430693503667
258,4,10,Plackett-Luce,Coombs,0.9838896952104499,0.006097864851231649,14797,0.498079272203648,0.0014904430693503667
259,4,10,Plackett-Luce,Bucklin,0.8004354136429608,0.019017174882007493,14797,0.498079272203648,0.0014904430693503667
260,4,100,Plackett-Luce,Plurality,0.6708624708624709,0.01999955935097053,12450,0.49944407599578666,0.0014851186373801561
261,4,100,Plackett-Luce,Borda,0.9025641025641026,0.012666178392640726,12450,0.49944407599578666,0.0014851186373801561
262,4,100,Plackett-Luce,Instant Runoff,0.9322843822843823,0.010750323573684328,12450,0.49944407599578666,0.0014851186373801561
263,4,100,Plackett-Luce,Coombs,0.9361305361305361,0.010465370192477175,12450,0.49944407599578666,0.0014851186373801561
264,4,100,Plackett-Luce,Bucklin,0.7495337995337995,0.01845038505728369,12450,0.49944407599578666,0.0014851186373801561
265,4,1000,Plackett-Luce,Plurality,0.6514000680194989,0.019999462548721425,11256,0.5012677421193639,0.0014803408628351056
266,4,1000,Plackett-Luce,Borda,0.8807391452216302,0.013639543548517152,11256,0.5012677421193639,0.0014803408628351056
267,4,1000,Plackett-Luce,Instant Runoff,0.9263122095000567,0.011018213799493526,11256,0.5012677421193639,0.0014803408628351056
268,4,1000,Plackett-Luce,Coombs,0.9342478177077429,0.010458644828303165,11256,0.5012677421193639,0.0014803408628351056
269,4,1000,Plackett-Luce,Bucklin,0.7534293164040359,0.018100489077066184,11256,0.5012677421193639,0.0014803408628351056
270,5,10,Plackett-Luce,Plurality,0.6900408948761125,0.019999724988936207,21104,0.4999921144708472,0.001471517611113693
271,5,10,Plackett-Luce,Borda,0.9579023334135194,0.008755501683182954,21104,0.4999921144708472,0.001471517611113693
272,5,10,Plackett-Luce,Instant Runoff,0.9253067115708443,0.011422937034750169,21104,0.4999921144708472,0.001471517611113693
273,5,10,Plackett-Luce,Coombs,0.9674043781573249,0.007757332330307509,21104,0.4999921144708472,0.001471517611113693
274,5,10,Plackett-Luce,Bucklin,0.8261967765215299,0.01640965756710333,21104,0.4999921144708472,0.001471517611113693
275,5,100,Plackett-Luce,Plurality,0.5858993416861329,0.019999514565103516,15332,0.5009705506562665,0.0014651994616633468
276,5,100,Plackett-Luce,Borda,0.8956253981737099,0.012455768484182839,15332,0.5009705506562665,0.0014651994616633468
277,5,100,Plackett-Luce,Instant Runoff,0.8994478657889149,0.01225343597586337,15332,0.5009705506562665,0.0014651994616633468
278,5,100,Plackett-Luce,Coombs,0.9082607772350818,0.01176579908112263,15332,0.5009705506562665,0.0014651994616633468
279,5,100,Plackett-Luce,Bucklin,0.6964323635591421,0.018676305060773446,15332,0.5009705506562665,0.0014651994616633468
280,5,1000,Plackett-Luce,Plurality,0.5640192791282481,0.0199995152759338,13671,0.5024642444858616,0.0014596213270632319
281,5,1000,Plackett-Luce,Borda,0.8679798826487846,0.013686866449841517,13671,0.5024642444858616,0.0014596213270632319
282,5,1000,Plackett-Luce,Instant Runoff,0.901089689857502,0.01208361691201254,13671,0.5024642444858616,0.0014596213270632319
283,5,1000,Plackett-Luce,Coombs,0.902347024308466,0.012015563713961619,13671,0.5024642444858616,0.0014596213270632319
284,5,1000,Plackett-Luce,Bucklin,0.6819991617770327,0.01878868155844371,13671,0.5024642444858616,0.0014596213270632319
285,6,10,Plackett-Luce,Plurality,0.6335403726708074,0.019999992952634216,26543,0.5001043174308419,0.0014490163218217056
286,6,10,Plackett-Luce,Borda,0.9547471162377995,0.008693692190669067,26543,0.5001043174308419,0.0014490163218217056
287,6,10,Plackett-Luce,Instant Runoff,0.9018411712511092,0.012393739917926472,26543,0.5001043174308419,0.0014490163218217056
288,6,10,Plackett-Luce,Coombs,0.947759538598048,0.009298264063428485,26543,0.5001043174308419,0.0014490163218217056
289,6,10,Plackett-Luce,Bucklin,0.8216503992901508,0.015912967496869768,26543,0.5001043174308419,0.0014490163218217056
290,6,100,Plackett-Luce,Plurality,0.5307811691670977,0.01999955331211334,17636,0.5005615102570289,0.0014420842899863784
291,6,100,Plackett-Luce,Borda,0.8921883083290223,0.012469473484664984,17636,0.5005615102570289,0.0014420842899863784
292,6,100,Plackett-Luce,Instant Runoff,0.8773926539058459,0.013180690895081892,17636,0.5005615102570289,0.0014420842899863784
293,6,100,Plackett-Luce,Coombs,0.8808070356958096,0.013022430522951933,17636,0.5005615102570289,0.0014420842899863784
294,6,100,Plackett-Luce,Bucklin,0.6910501810657009,0.01852500007595581,17636,0.5005615102570289,0.0014420842899863784
295,6,1000,Plackett-Luce,Plurality,0.5015977734254201,0.019999860681756132,15051,0.5017243164843798,0.0014362394403083512
296,6,1000,Plackett-Luce,Borda,0.8608390887537367,0.01387726602711925,15051,0.5017243164843798,0.0014362394403083512
297,6,1000,Plackett-Luce,Instant Runoff,0.8746520977218843,0.013280430720213121,15051,0.5017243164843798,0.0014362394403083512
298,6,1000,Plackett-Luce,Coombs,0.8787753839810328,0.013092452361817553,15051,0.5017243164843798,0.0014362394403083512
299,6,1000,Plackett-Luce,Bucklin,0.6861148335223173,0.018570381969382987,15051,0.5017243164843798,0.0014362394403083512
300,7,10,Plackett-Luce,Plurality,0.6056292461986412,0.019999348767010483,31621,0.4982461490731077,0.0014242030050274912
301,7,10,Plackett-Luce,Borda,0.9528739350803408,0.008735571973167544,31621,0.4982461490731077,0.0014242030050274912
302,7,10,Plackett-Luce,Instant Runoff,0.887091556130702,0.012990425449353693,31621,0.4982461490731077,0.0014242030050274912
303,7,10,Plackett-Luce,Coombs,0.923864984363205,0.010904365241470648,31621,0.4982461490731077,0.0014242030050274912
304,7,10,Plackett-Luce,Bucklin,0.8067507818397498,0.016179371885053917,31621,0.4982461490731077,0.0014242030050274912
305,7,100,Plackett-Luce,Plurality,0.4589602573414963,0.019999239108439593,19402,0.49823049523152935,0.001416965813608284
306,7,100,Plackett-Luce,Borda,0.8855452941786863,0.012815847697508986,19402,0.49823049523152935,0.001416965813608284
307,7,100,Plackett-Luce,Instant Runoff,0.8519248728857528,0.014285263657027869,19402,0.49823049523152935,0.001416965813608284
308,7,100,Plackett-Luce,Coombs,0.8634429801805541,0.013814422663713466,19402,0.49823049523152935,0.001416965813608284
309,7,100,Plackett-Luce,Bucklin,0.7091418491231711,0.018236582346886188,19402,0.49823049523152935,0.001416965813608284
310,7,1000,Plackett-Luce,Plurality,0.4527870216306156,0.019999314582721917,16381,0.4989837087871257,0.0014109466769979262
311,7,1000,Plackett-Luce,Borda,0.8488976705490848,0.014419816001303154,16381,0.4989837087871257,0.0014109466769979262
312,7,1000,Plackett-Luce,Instant Runoff,0.8487936772046589,0.014423863195423214,16381,0.4989837087871257,0.0014109466769979262
313,7,1000,Plackett-Luce,Coombs,0.8529534109816972,0.01426012122022613,16381,0.4989837087871257,0.0014109466769979262
314,7,1000,Plackett-Luce,Bucklin,0.6555740432612313,0.01909672505387494,16381,0.4989837087871257,0.0014109466769979262
315,8,10,Plackett-Luce,Plurality,0.5404087560950306,0.019999212184139692,36846,0.4945390665216041,0.001397589977961855
316,8,10,Plackett-Luce,Borda,0.9488536155202821,0.008900742209213441,36846,0.4945390665216041,0.001397589977961855
317,8,10,Plackett-Luce,Instant Runoff,0.8511256354393609,0.01431530855099783,36846,0.4945390665216041,0.001397589977961855
318,8,10,Plackett-Luce,Coombs,0.9119203236850296,0.011419523421978717,36846,0.4945390665216041,0.001397589977961855
319,8,10,Plackett-Luce,Bucklin,0.8102500259363005,0.01575774751758996,36846,0.4945390665216041,0.001397589977961855
320,8,100,Plackett-Luce,Plurality,0.4238843759890284,0.01999939518552657,20659,0.4941681007127821,0.0013902969742577431
321,8,100,Plackett-Luce,Borda,0.8875408798396456,0.01282518641540964,20659,0.4941681007127821,0.0013902969742577431
322,8,100,Plackett-Luce,Instant Runoff,0.8288849034708302,0.01526742333205855,20659,0.4941681007127821,0.0013902969742577431
323,8,100,Plackett-Luce,Coombs,0.850617153708197,0.014456642702716738,20659,0.4941681007127821,0.0013902969742577431
324,8,100,Plackett-Luce,Bucklin,0.6869922987656926,0.018773544095947003,20659,0.4941681007127821,0.0013902969742577431
325,8,1000,Plackett-Luce,Plurality,0.41245880727118106,0.01999958041638894,17426,0.49456472971706483,0.0013842552027683586
326,8,1000,Plackett-Luce,Borda,0.861592431168279,0.0140622511818137,17426,0.49456472971706483,0.0013842552027683586
327,8,1000,Plackett-Luce,Instant Runoff,0.8277878175826512,0.015364729839577151,17426,0.49456472971706483,0.0013842552027683586
328,8,1000,Plackett-Luce,Coombs,0.8358669076219837,0.015075103024933756,17426,0.49456472971706483,0.0013842552027683586
329,8,1000,Plackett-Luce,Bucklin,0.6629105984904858,0.019209211710959018,17426,0.49456472971706483,0.0013842552027683586
330,9,10,Plackett-Luce,Plurality,0.5123762376237624,0.01999904666760821,41040,0.4893859928520204,0.0013700759581096178
331,9,10,Plackett-Luce,Borda,0.9513201320132013,0.008671379825271663,41040,0.4893859928520204,0.0013700759581096178
332,9,10,Plackett-Luce,Instant Runoff,0.8282797029702971,0.01511546274059361,41040,0.4893859928520204,0.0013700759581096178
333,9,10,Plackett-Luce,Coombs,0.9050123762376238,0.011775064735808916,41040,0.4893859928520204,0.0013700759581096178
334,9,10,Plackett-Luce,Bucklin,0.8003300330033003,0.016015475942788293,41040,0.4893859928520204,0.0013700759581096178
335,9,100,Plackett-Luce,Plurality,0.3869286722397134,0.019998781509935337,22226,0.4885808205725973,0.0013626470322166684
336,9,100,Plackett-Luce,Borda,0.8836174139615677,0.013206005695040157,22226,0.4885808205725973,0.0013626470322166684
337,9,100,Plackett-Luce,Instant Runoff,0.8109868635327326,0.016098214104576347,22226,0.4885808205725973,0.0013626470322166684
338,9,100,Plackett-Luce,Coombs,0.8376940614482684,0.015167777254048387,22226,0.4885808205725973,0.0013626470322166684
339,9,100,Plackett-Luce,Bucklin,0.6971012919335577,0.01887445397175802,22226,0.4885808205725973,0.0013626470322166684
340,9,1000,Plackett-Luce,Plurality,0.3764809126810004,0.01999883121899826,18199,0.4886882813708869,0.001356698548055424
341,9,1000,Plackett-Luce,Borda,0.8523475208424748,0.014673555608977207,18199,0.4886882813708869,0.001356698548055424
342,9,1000,Plackett-Luce,Instant Runoff,0.8162571303203159,0.0160082163471561,18199,0.4886882813708869,0.001356698548055424
343,9,1000,Plackett-Luce,Coombs,0.8206450197455024,0.01585943367446374,18199,0.4886882813708869,0.001356698548055424
344,9,1000,Plackett-Luce,Bucklin,0.6491882404563405,0.01970007947059038,18199,0.4886882813708869,0.001356698548055424
345,10,10,Plackett-Luce,Plurality,0.4734339466611536,0.01999984955374362,45704,0.48275289819097755,0.0013416255322609705
346,10,10,Plackett-Luce,Borda,0.9490386603266487,0.008869400100545932,45704,0.48275289819097755,0.0013416255322609705
347,10,10,Plackett-Luce,Instant Runoff,0.7967748604506926,0.016139229431977875,45704,0.48275289819097755,0.0013416255322609705
348,10,10,Plackett-Luce,Coombs,0.8929088277858177,0.012427237981393557,45704,0.48275289819097755,0.0013416255322609705
349,10,10,Plackett-Luce,Bucklin,0.804114120322514,0.015919396040078637,45704,0.48275289819097755,0.0013416255322609705
350,10,100,Plackett-Luce,Plurality,0.3516260162601626,0.019999286430984253,22815,0.48175194670021093,0.0013344105253885186
351,10,100,Plackett-Luce,Borda,0.8825654923215899,0.01352249249365034,22815,0.48175194670021093,0.0013344105253885186
352,10,100,Plackett-Luce,Instant Runoff,0.7911020776874436,0.017044542064972523,22815,0.48175194670021093,0.0013344105253885186
353,10,100,Plackett-Luce,Coombs,0.8240740740740741,0.015971706720087187,22815,0.48175194670021093,0.0013344105253885186
354,10,100,Plackett-Luce,Bucklin,0.6709575429087624,0.01968228632059499,22815,0.48175194670021093,0.0013344105253885186
355,10,1000,Plackett-Luce,Plurality,0.3420631290027447,0.019998690730575808,18833,0.4816007437962947,0.001328603434531006
356,10,1000,Plackett-Luce,Borda,0.8603613906678865,0.014643501047983398,18833,0.4816007437962947,0.001328603434531006
357,10,1000,Plackett-Luce,Instant Runoff,0.791171088746569,0.017151986494035598,18833,0.4816007437962947,0.001328603434531006
358,10,1000,Plackett-Luce,Coombs,0.8019213174748399,0.016820082603440256,18833,0.4816007437962947,0.001328603434531006
359,10,1000,Plackett-Luce,Bucklin,0.6630832570905764,0.01992558467768346,18833,0.4816007437962947,0.001328603434531006
360,3,10,Euclidean,Plurality,0.8716865155589704,0.018360024328689772,8890,0.4820241436584773,0.001325936179684739
361,3,10,Euclidean,Borda,0.9857856319631195,0.006634995989241221,8890,0.4820241436584773,0.001325936179684739
362,3,10,Euclidean,Instant Runoff,0.9715712639262389,0.009227982968522008,8890,0.4820241436584773,0.001325936179684739
363,3,10,Euclidean,Coombs,1.0,0.000708331315141586,8890,0.4820241436584773,0.001325936179684739
364,3,10,Euclidean,Bucklin,0.8421052631578947,0.01999993677852996,8890,0.4820241436584773,0.001325936179684739
365,3,100,Euclidean,Plurality,0.7835328938517422,0.018857155522968294,9294,0.48337074829466664,0.0013232459418401898
366,3,100,Euclidean,Borda,0.9293690300013453,0.011784416126913722,9294,0.48337074829466664,0.0013232459418401898
367,3,100,Euclidean,Instant Runoff,0.9632718956006996,0.008689656950720104,9294,0.48337074829466664,0.0013232459418401898
368,3,100,Euclidean,Coombs,0.9646172474101977,0.008537558142422075,9294,0.48337074829466664,0.0013232459418401898
369,3,100,Euclidean,Bucklin,0.7430378043858469,0.019998958407853262,9294,0.48337074829466664,0.0013232459418401898
370,3,1000,Euclidean,Plurality,0.7656313576563136,0.019471250771383453,8366,0.4848830643531051,0.001320855151655087
371,3,1000,Euclidean,Borda,0.9080428590804286,0.013327459489098303,8366,0.4848830643531051,0.001320855151655087
372,3,1000,Euclidean,Instant Runoff,0.9632442696324427,0.008728618992710935,8366,0.4848830643531051,0.001320855151655087
373,3,1000,Euclidean,Coombs,0.9595822595958226,0.009128892353562845,8366,0.4848830643531051,0.001320855151655087
374,3,1000,Euclidean,Bucklin,0.7462362674623627,0.019998806620255882,8366,0.4848830643531051,0.001320855151655087
375,4,10,Euclidean,Plurality,0.7629860913993756,0.01999790850275429,14956,0.48479015654504476,0.0013163819633718044
376,4,10,Euclidean,Borda,0.9704797047970479,0.008050373031875169,14956,0.48479015654504476,0.0013163819633718044
377,4,10,Euclidean,Instant Runoff,0.9428044280442804,0.010987864972371919,14956,0.48479015654504476,0.0013163819633718044
378,4,10,Euclidean,Coombs,0.9828271359636673,0.006215430734494376,14956,0.48479015654504476,0.0013163819633718044
379,4,10,Euclidean,Bucklin,0.801589554357082,0.018763309118822735,14956,0.48479015654504476,0.0013163819633718044
380,4,100,Euclidean,Plurality,0.6681754874651811,0.019998383027206135,12481,0.48594116232407386,0.001312778198026443
381,4,100,Euclidean,Borda,0.9004178272980501,0.012761511055209396,12481,0.48594116232407386,0.001312778198026443
382,4,100,Euclidean,Instant Runoff,0.9344243268337976,0.010570647644492226,12481,0.48594116232407386,0.001312778198026443
383,4,100,Euclidean,Coombs,0.9347725162488394,0.010544813427259991,12481,0.48594116232407386,0.001312778198026443
384,4,100,Euclidean,Bucklin,0.7461699164345403,0.018492622091501598,12481,0.48594116232407386,0.001312778198026443
385,4,1000,Euclidean,Plurality,0.6528850522489777,0.0199990552620517,11274,0.4874257271043057,0.0013095729423086566
386,4,1000,Euclidean,Borda,0.8886869604725125,0.013252921337759016,11274,0.4874257271043057,0.0013095729423086566
387,4,1000,Euclidean,Instant Runoff,0.929350295320309,0.010819199195016171,11274,0.4874257271043057,0.0013095729423086566
388,4,1000,Euclidean,Coombs,0.9327578373466606,0.010577101239002795,11274,0.4874257271043057,0.0013095729423086566
389,4,1000,Euclidean,Bucklin,0.7505679236710586,0.018187795982255395,11274,0.4874257271043057,0.0013095729423086566
390,5,10,Euclidean,Plurality,0.6784619013918377,0.019999596921104645,21547,0.486530535723208,0.0013032567346624169
391,5,10,Euclidean,Borda,0.9588346308091531,0.008578186685265221,21547,0.486530535723208,0.0013032567346624169
392,5,10,Euclidean,Instant Runoff,0.921443736730361,0.011572401873114702,21547,0.486530535723208,0.0013032567346624169
393,5,10,Euclidean,Coombs,0.9663835810332626,0.007794041803959817,21547,0.486530535723208,0.0013032567346624169
394,5,10,Euclidean,Bucklin,0.8321538098608162,0.01602728942975218,21547,0.486530535723208,0.0013032567346624169
395,5,100,Euclidean,Plurality,0.5871413390010627,0.019999241808901114,15452,0.48736149287959984,0.0012988821553943097
396,5,100,Euclidean,Borda,0.8917109458023379,0.012663047425246265,15452,0.48736149287959984,0.0012988821553943097
397,5,100,Euclidean,Instant Runoff,0.9053134962805526,0.011937424874688296,15452,0.48736149287959984,0.0012988821553943097
398,5,100,Euclidean,Coombs,0.9111583421891605,0.011603519854514688,15452,0.48736149287959984,0.0012988821553943097
399,5,100,Euclidean,Bucklin,0.6954303931987248,0.01870152615843146,15452,0.48736149287959984,0.0012988821553943097
400,5,1000,Euclidean,Plurality,0.5650487472481392,0.01999940582984916,13394,0.48867620805232875,0.0012951591432379117
401,5,1000,Euclidean,Borda,0.8692735087535381,0.01363384262176559,13394,0.48867620805232875,0.0012951591432379117
402,5,1000,Euclidean,Instant Runoff,0.8935947164272985,0.012480552537775913,13394,0.48867620805232875,0.0012951591432379117
403,5,1000,Euclidean,Coombs,0.9021910053464723,0.012027219249418297,13394,0.48867620805232875,0.0012951591432379117
404,5,1000,Euclidean,Bucklin,0.6906384317014362,0.01865442599019662,13394,0.48867620805232875,0.0012951591432379117
405,6,10,Euclidean,Plurality,0.6331892251413369,0.019998430001481715,26804,0.4869165867945886,0.0012875335536504107
406,6,10,Euclidean,Borda,0.9547721982041902,0.008688987186646457,26804,0.4869165867945886,0.0012875335536504107
407,6,10,Euclidean,Instant Runoff,0.8954661345748808,0.012737746358910118,26804,0.4869165867945886,0.0012875335536504107
408,6,10,Euclidean,Coombs,0.9465691165059306,0.009393808629079903,26804,0.4869165867945886,0.0012875335536504107
409,6,10,Euclidean,Bucklin,0.8239663008535639,0.01582774672502152,26804,0.4869165867945886,0.0012875335536504107
410,6,100,Euclidean,Plurality,0.5164585698070374,0.019999542450756747,17732,0.4873692654195177,0.0012826636652195633
411,6,100,Euclidean,Borda,0.888040449901971,0.012658557173829466,17732,0.4873692654195177,0.0012826636652195633
412,6,100,Euclidean,Instant Runoff,0.8753482612733464,0.013255911894203054,17732,0.4873692654195177,0.0012826636652195633
413,6,100,Euclidean,Coombs,0.8854607367660716,0.012783880155325167,17732,0.4873692654195177,0.0012826636652195633
414,6,100,Euclidean,Bucklin,0.7000309565576308,0.01834807642601366,17732,0.4873692654195177,0.0012826636652195633
415,6,1000,Euclidean,Plurality,0.4885519801980198,0.019999927031888687,15167,0.48834965997857155,0.001278577551909521
416,6,1000,Euclidean,Borda,0.8584983498349835,0.013977331833918583,15167,0.48834965997857155,0.001278577551909521
417,6,1000,Euclidean,Instant Runoff,0.8736592409240924,0.013328452688148862,15167,0.48834965997857155,0.001278577551909521
418,6,1000,Euclidean,Coombs,0.8763407590759076,0.013207450507253804,15167,0.48834965997857155,0.001278577551909521
419,6,1000,Euclidean,Bucklin,0.6976072607260726,0.018385122308333113,15167,0.48834965997857155,0.001278577551909521
420,7,10,Euclidean,Plurality,0.5939970091860713,0.01999956132802383,31809,0.4857585470758264,0.0012698384190332757
421,7,10,Euclidean,Borda,0.956526383251442,0.008370010962214236,31809,0.4857585470758264,0.0012698384190332757
422,7,10,Euclidean,Instant Runoff,0.8783379619739372,0.013349779730706834,31809,0.4857585470758264,0.0012698384190332757
423,7,10,Euclidean,Coombs,0.923627430036317,0.010867253388880393,31809,0.4857585470758264,0.0012698384190332757
424,7,10,Euclidean,Bucklin,0.804101687673574,0.01618456350148778,31809,0.4857585470758264,0.0012698384190332757
425,7,100,Euclidean,Plurality,0.4709897610921502,0.01999962328567967,19410,0.48585866788264176,0.001264701519879563
426,7,100,Euclidean,Borda,0.884269314303444,0.012855780911513959,19410,0.48585866788264176,0.001264701519879563
427,7,100,Euclidean,Instant Runoff,0.855931326921088,0.014101428979952702,19410,0.48585866788264176,0.001264701519879563
428,7,100,Euclidean,Coombs,0.8669976212638328,0.013639869139268401,19410,0.48585866788264176,0.001264701519879563
429,7,100,Euclidean,Bucklin,0.7113455372841039,0.01816551251719256,19410,0.48585866788264176,0.001264701519879563
430,7,1000,Euclidean,Plurality,0.4424482974723209,0.019999727693043312,16251,0.48655286861106145,0.0012604906557321383
431,7,1000,Euclidean,Borda,0.8570085648631711,0.014127861838351463,16251,0.48655286861106145,0.0012604906557321383
432,7,1000,Euclidean,Instant Runoff,0.8479214539377481,0.014489617556945222,16251,0.48655286861106145,0.0012604906557321383
433,7,1000,Euclidean,Coombs,0.8547106747440986,0.014221102630067262,16251,0.48655286861106145,0.0012604906557321383
434,7,1000,Euclidean,Bucklin,0.6571965740547315,0.01911738622157988,16251,0.48655286861106145,0.0012604906557321383
435,8,10,Euclidean,Plurality,0.5548716878781557,0.019999280275710407,36308,0.4832602802694786,0.0012508789925914643
436,8,10,Euclidean,Borda,0.9488837888587524,0.008923147882295646,36308,0.4832602802694786,0.0012508789925914643
437,8,10,Euclidean,Instant Runoff,0.8504068433131651,0.01438343057812641,36308,0.4832602802694786,0.0012508789925914643
438,8,10,Euclidean,Coombs,0.9127894846651367,0.011400612911261043,36308,0.4832602802694786,0.0012508789925914643
439,8,10,Euclidean,Bucklin,0.7983517629876904,0.01616686179581628,36308,0.4832602802694786,0.0012508789925914643
440,8,100,Euclidean,Plurality,0.4206131078224101,0.019998821364691277,20962,0.4829895195172626,0.0012455458271695141
441,8,100,Euclidean,Borda,0.8849894291754757,0.01296322683799167,20962,0.4829895195172626,0.0012455458271695141
442,8,100,Euclidean,Instant Runoff,0.830338266384778,0.015231516047323646,20962,0.4829895195172626,0.0012455458271695141
443,8,100,Euclidean,Coombs,0.8519027484143763,0.014420127127675708,20962,0.4829895195172626,0.0012455458271695141
444,8,100,Euclidean,Bucklin,0.6736786469344609,0.018999948597680616,20962,0.4829895195172626,0.0012455458271695141
445,8,1000,Euclidean,Plurality,0.40461933276304535,0.01999949124275574,17325,0.48338443253801544,0.0012412405665087611
446,8,1000,Euclidean,Borda,0.8556458511548332,0.014351885909895445,17325,0.48338443253801544,0.0012412405665087611
447,8,1000,Euclidean,Instant Runoff,0.8281650983746792,0.015396864278385713,17325,0.48338443253801544,0.0012412405665087611
448,8,1000,Euclidean,Coombs,0.830945252352438,0.015298128650249265,17325,0.48338443253801544,0.0012412405665087611
449,8,1000,Euclidean,Bucklin,0.6706586826347305,0.019154812895091133,17325,0.48338443253801544,0.0012412405665087611
450,9,10,Euclidean,Plurality,0.504484073806824,0.019999162216927602,41521,0.47929181144651445,0.0012306485715886106
451,9,10,Euclidean,Borda,0.9500051541078239,0.00877796329211833,41521,0.47929181144651445,0.0012306485715886106
452,9,10,Euclidean,Instant Runoff,0.8282651273064633,0.015112045692222797,41521,0.47929181144651445,0.0012306485715886106
453,9,10,Euclidean,Coombs,0.9074322234821153,0.011637851419864398,41521,0.47929181144651445,0.0012306485715886106
454,9,10,Euclidean,Bucklin,0.8069271209153696,0.01581069391724832,41521,0.47929181144651445,0.0012306485715886106
455,9,100,Euclidean,Plurality,0.3780527872084109,0.019998635177021218,22256,0.47869082327460066,0.0012252153062439763
456,9,100,Euclidean,Borda,0.8848976015770452,0.01320114879208334,22256,0.47869082327460066,0.0012252153062439763
457,9,100,Euclidean,Instant Runoff,0.8109736063957945,0.016169477220135176,22256,0.47869082327460066,0.0012252153062439763
458,9,100,Euclidean,Coombs,0.8337531486146096,0.015380979261242711,22256,0.47869082327460066,0.0012252153062439763
459,9,100,Euclidean,Bucklin,0.6930237651954879,0.019028265293628,22256,0.47869082327460066,0.0012252153062439763
460,9,1000,Euclidean,Plurality,0.3729354767672319,0.01999868905232477,18409,0.47879561699302786,0.0012208363135749467
461,9,1000,Euclidean,Borda,0.8588416648315349,0.014431036218173765,18409,0.47879561699302786,0.0012208363135749467
462,9,1000,Euclidean,Instant Runoff,0.8149086104382295,0.016083474881205206,18409,0.47879561699302786,0.0012208363135749467
463,9,1000,Euclidean,Coombs,0.8127064523232768,0.01615647440799939,18409,0.47879561699302786,0.0012208363135749467
464,9,1000,Euclidean,Bucklin,0.6529398810834618,0.019688221261018657,18409,0.47879561699302786,0.0012208363135749467
465,10,10,Euclidean,Plurality,0.4709897610921502,0.01999962328567967,45996,0.47408117789965093,0.0012095321910480794
466,10,10,Euclidean,Borda,0.9501499638018409,0.00878072838877586,45996,0.47408117789965093,0.0012095321910480794
467,10,10,Euclidean,Instant Runoff,0.7911883338504498,0.016305265182765094,45996,0.47408117789965093,0.0012095321910480794
468,10,10,Euclidean,Coombs,0.8983348846830076,0.012150663579531984,45996,0.47408117789965093,0.0012095321910480794
469,10,10,Euclidean,Bucklin,0.8002895852725205,0.016039172410878377,45996,0.47408117789965093,0.0012095321910480794
470,10,100,Euclidean,Plurality,0.35895714445563387,0.01999985077073363,23447,0.4732570806100218,0.0012040504009506736
471,10,100,Euclidean,Borda,0.8881056282868972,0.01318282209654753,23447,0.4732570806100218,0.0012040504009506736
472,10,100,Euclidean,Instant Runoff,0.7956808772518742,0.016829088131918413,23447,0.4732570806100218,0.0012040504009506736
473,10,100,Euclidean,Coombs,0.8201857446570437,0.016034439590056238,23447,0.4732570806100218,0.0012040504009506736
474,10,100,Euclidean,Bucklin,0.676737160120846,0.019503554314210136,23447,0.4732570806100218,0.0012040504009506736
475,10,1000,Euclidean,Plurality,0.34367568791756314,0.01992166116222499,18875,0.47321887622220177,0.001199769024030406
476,10,1000,Euclidean,Borda,0.8525648284452497,0.01490120010688567,18875,0.47321887622220177,0.001199769024030406
477,10,1000,Euclidean,Instant Runoff,0.7987770354433247,0.016834995636414885,18875,0.47321887622220177,0.001199769024030406
478,10,1000,Euclidean,Coombs,0.8050050956856528,0.016638276919264006,18875,0.47321887622220177,0.001199769024030406
479,10,1000,Euclidean,Bucklin,0.6505492016759143,0.019999313040950817,18875,0.47321887622220177,0.001199769024030406
